"2017-01-04 04:30:08","SQLSTATE[HY000] [1045] Accès refusé pour l'utilisateur: 'root'@'@localhost' (mot de passe: OUI)"
"2017-01-04 04:40:49","SQLSTATE[HY000] [1045] Accès refusé pour l'utilisateur: 'root'@'@localhost' (mot de passe: OUI)"
"2017-01-04 04:40:55","SQLSTATE[HY000] [1045] Accès refusé pour l'utilisateur: 'root'@'@localhost' (mot de passe: OUI)"
"2017-01-04 04:40:55","SQLSTATE[HY000] [1045] Accès refusé pour l'utilisateur: 'root'@'@localhost' (mot de passe: OUI)"
"2017-01-04 04:40:56","SQLSTATE[HY000] [1045] Accès refusé pour l'utilisateur: 'root'@'@localhost' (mot de passe: OUI)"
"2017-01-04 04:40:56","SQLSTATE[HY000] [1045] Accès refusé pour l'utilisateur: 'root'@'@localhost' (mot de passe: OUI)"
"2017-01-04 04:40:56","SQLSTATE[HY000] [1045] Accès refusé pour l'utilisateur: 'root'@'@localhost' (mot de passe: OUI)"
"2017-01-04 04:40:56","SQLSTATE[HY000] [1045] Accès refusé pour l'utilisateur: 'root'@'@localhost' (mot de passe: OUI)"
"2017-01-04 04:41:03","SQLSTATE[HY000] [1045] Accès refusé pour l'utilisateur: 'root'@'@localhost' (mot de passe: OUI)"
"2017-01-04 04:41:04","SQLSTATE[HY000] [1045] Accès refusé pour l'utilisateur: 'root'@'@localhost' (mot de passe: OUI)"
"2017-01-04 04:41:04","SQLSTATE[HY000] [1045] Accès refusé pour l'utilisateur: 'root'@'@localhost' (mot de passe: OUI)"
"2017-01-04 04:41:04","SQLSTATE[HY000] [1045] Accès refusé pour l'utilisateur: 'root'@'@localhost' (mot de passe: OUI)"
"2017-01-04 04:41:11","SQLSTATE[HY000] [1045] Accès refusé pour l'utilisateur: 'root'@'@localhost' (mot de passe: OUI)"
"2017-01-04 04:41:11","SQLSTATE[HY000] [1045] Accès refusé pour l'utilisateur: 'root'@'@localhost' (mot de passe: OUI)"
"2017-01-04 04:41:11","SQLSTATE[HY000] [1045] Accès refusé pour l'utilisateur: 'root'@'@localhost' (mot de passe: OUI)"
"2017-01-04 04:41:17","SQLSTATE[HY000] [1045] Accès refusé pour l'utilisateur: 'root'@'@localhost' (mot de passe: OUI)"
"2017-01-04 04:41:18","SQLSTATE[HY000] [1045] Accès refusé pour l'utilisateur: 'root'@'@localhost' (mot de passe: OUI)"
"2017-01-04 04:41:18","SQLSTATE[HY000] [1045] Accès refusé pour l'utilisateur: 'root'@'@localhost' (mot de passe: OUI)"
"2017-01-04 04:41:18","SQLSTATE[HY000] [1045] Accès refusé pour l'utilisateur: 'root'@'@localhost' (mot de passe: OUI)"
"2017-01-04 04:41:18","SQLSTATE[HY000] [1045] Accès refusé pour l'utilisateur: 'root'@'@localhost' (mot de passe: OUI)"
"2017-01-04 04:41:19","SQLSTATE[HY000] [1045] Accès refusé pour l'utilisateur: 'root'@'@localhost' (mot de passe: OUI)"
"2017-01-04 04:41:19","SQLSTATE[HY000] [1045] Accès refusé pour l'utilisateur: 'root'@'@localhost' (mot de passe: OUI)"
